,molecule_chembl_id,Ki,units,data_validity_comment,smiles
0,CHEMBL11805,0.104,nM,Potential transcription error,COc1ccccc1CN(C)CCCCCC(=O)N(C)CCCCCCCCN(C)C(=O)CCCCCN(C)Cc1ccccc1OC
1,CHEMBL208599,0.026,nM,,CCC1=CC2Cc3nc4cc(Cl)ccc4c(N)c3[C@@H](C1)C2
2,CHEMBL60745,1.63,nM,,CC[N+](C)(C)c1cccc(O)c1.[Br-]
3,CHEMBL95,151.0,nM,,Nc1c2c(nc3ccccc13)CCCC2
4,CHEMBL173309,12.2,nM,,CCN(CCCCCC(=O)N(C)CCCCCCCCN(C)C(=O)CCCCCN(CC)Cc1ccccc1OC)Cc1ccccc1OC
5,CHEMBL1128,200.0,nM,,CC[N+](C)(C)c1cccc(O)c1.[Cl-]
6,CHEMBL102226,20000.0,nM,,CCCCCCCSC(=O)OCC[N+](C)(C)C.[Cl-]
7,CHEMBL103873,2000.0,nM,,CCCCCSC(=O)OCC[N+](C)(C)C.[Cl-]
8,CHEMBL640,1000.0,nM,,CCN(CC)CCNC(=O)c1ccc(N)cc1
9,CHEMBL75121,21.7,nM,,COc1cc2cc(-c3ccc(CN(C)Cc4ccccc4)cc3)c(=O)oc2cc1OC
10,CHEMBL502,20.5,nM,,COc1cc2c(cc1OC)C(=O)C(CC1CCN(Cc3ccccc3)CC1)C2
11,CHEMBL345124,7140.0,nM,,CC[N+](C)(CC)CCC[n+]1c(-c2ccccc2)c2cc(N)ccc2c2ccc(N)cc21.[I-].[I-]
12,CHEMBL179455,1.49,nM,,Nc1ccc2c(c1)c(-c1ccccc1)[n+](CCCNCCCNCCCNc1c3c(nc4ccccc14)CCCC3)c1cc(N)ccc21
13,CHEMBL361165,894.0,nM,,COc1ccccc1CN(C)CCCN(C)CCCNCCC[n+]1c(-c2ccccc2)c2cc(N)ccc2c2ccc(N)cc21
14,CHEMBL359719,2300.0,nM,,COc1ccc(-c2cc3c(c(=O)o2)C[C@@]2(O)[C@@]4(C)CCC(=O)OC(C)(C)[C@@]4(O)CC[C@@]2(C)O3)cc1
15,CHEMBL369772,1500.0,nM,,CCCCNC(=O)OCCO
16,CHEMBL182596,1400.0,nM,,CCCCNC(=O)OCCCCCO
17,CHEMBL181445,360.0,nM,,CCCCNC(=O)OCCCCCCCCO
18,CHEMBL181435,200.0,nM,,CCCCNC(=O)OCCCCCCCCCCO
19,CHEMBL182696,300.0,nM,,CCCCNC(=O)OCCCCCCCCCCCCO
20,CHEMBL183394,200.0,nM,,CCCCNC(=O)OCCCCCCCCCCCCCCO
21,CHEMBL184316,130.0,nM,,CCCCNC(=O)OCCCCCCCCCCCCCCCCO
22,CHEMBL366931,360.0,nM,,CCCCNC(=O)OCCOC(=O)NCCCC
23,CHEMBL181867,250.0,nM,,CCCCNC(=O)OCCCCCOC(=O)NCCCC
24,CHEMBL425165,150.0,nM,,CCCCNC(=O)OCCCCCCCCOC(=O)NCCCC
25,CHEMBL185000,160.0,nM,,CCCCNC(=O)OCCCCCCCCCCOC(=O)NCCCC
26,CHEMBL184946,160.0,nM,,CCCCNC(=O)OCCCCCCCCCCCCOC(=O)NCCCC
27,CHEMBL185164,160.0,nM,,CCCCNC(=O)OCCCCCCCCCCCCCCOC(=O)NCCCC
28,CHEMBL362685,170.0,nM,,CCCCNC(=O)OCCCCCCCCCCCCCCCCOC(=O)NCCCC
29,CHEMBL92460,54.95,nM,,c1ccc(CN2CCC(CCc3noc4ccccc34)CC2)cc1
30,CHEMBL433379,7.762,nM,,Cc1ccc2onc(CCC3CCN(Cc4ccccc4)CC3)c2c1
31,CHEMBL188823,5.754,nM,,COc1cc2onc(CCC3CCN(Cc4ccccc4)CC3)c2cc1C
32,CHEMBL94186,7.244,nM,,COc1ccc2onc(CCC3CCN(Cc4ccccc4)CC3)c2c1
33,CHEMBL93619,7.079,nM,,COc1cccc2c(CCC3CCN(Cc4ccccc4)CC3)noc12
34,CHEMBL92736,2.818,nM,,CC(=O)Nc1ccc2c(CCC3CCN(Cc4ccccc4)CC3)noc2c1
35,CHEMBL92955,14.13,nM,,O=S(=O)(Nc1ccc2c(CCC3CCN(Cc4ccccc4)CC3)noc2c1)c1ccccc1
36,CHEMBL93936,0.7943,nM,,c1ccc(CN2CCC(CCc3noc4cc(N5CCOCC5)ccc34)CC2)cc1
37,CHEMBL420625,19.95,nM,,Nc1ccc2c(CCC3CCN(Cc4ccccc4)CC3)noc2c1
38,CHEMBL330004,50.12,nM,,Brc1ccc2c(CCC3CCN(Cc4ccccc4)CC3)noc2c1
39,CHEMBL92775,100.0,nM,,N#Cc1ccc2c(CCC3CCN(Cc4ccccc4)CC3)noc2c1
40,CHEMBL92663,8.71,nM,,NC(=O)c1ccc2c(CCC3CCN(Cc4ccccc4)CC3)noc2c1
41,CHEMBL93241,891.25,nM,,c1ccc(CN2CCC(CCCc3noc4ccccc34)CC2)cc1
42,CHEMBL94059,2570.4,nM,,c1ccc(CN2CCC(COc3noc4ccccc34)CC2)cc1
43,CHEMBL92629,323.59,nM,,c1ccc(CN2CCC(CNc3noc4ccccc34)CC2)cc1
44,CHEMBL328102,100.0,nM,,c1ccc(CN2CCC(CCc3nsc4ccccc34)CC2)cc1
45,CHEMBL92142,218.78,nM,,c1ccc(CN2CCC(CCc3nccc4ccccc34)CC2)cc1
46,CHEMBL92958,120.23,nM,,c1ccc(CN2CCC(CCc3n[nH]c4ccccc34)CC2)cc1
47,CHEMBL329231,0.5754,nM,,O=C1CCc2cc3c(CCC4CCN(Cc5ccccc5)CC4)noc3cc2N1
48,CHEMBL328468,0.955,nM,,O=C1Cc2cc3onc(CCC4CCN(Cc5ccccc5)CC4)c3cc2N1
49,CHEMBL426441,0.4786,nM,,CN1C(=O)Cc2cc3onc(CCC4CCN(Cc5ccccc5)CC4)c3cc21
50,CHEMBL95020,3.631,nM,,O=C1Cc2c(ccc3c(CCC4CCN(Cc5ccccc5)CC4)noc23)N1
51,CHEMBL185799,251.19,nM,,COc1cc2c(cc1OC)C(=O)C(C1CC[N+](C)(Cc3ccccc3)CC1)=C2
52,CHEMBL186144,7.943,nM,,COc1cc2cc(C(=O)C3CCC[N+](C)(Cc4ccccc4)CC3)sc2cc1OC
53,CHEMBL361869,42.66,nM,,COc1cc2cc(C(=O)C3CC[N+](C)(Cc4ccccc4)CCC3O)sc2cc1OC
54,CHEMBL189283,380.19,nM,,COc1cc2cc(C(=O)CC3CCC(O)C[N+](C)(Cc4ccccc4)CC3)sc2cc1OC
55,CHEMBL362711,109.65,nM,,COc1cc2cc(C(=O)CC3CCCC[N+](C)(Cc4ccccc4)CC3)sc2cc1OC
56,CHEMBL185976,120.23,nM,,COc1cc2cc(C(=O)C3CC[N+](C)(Cc4ccccc4)CCC3OC)sc2cc1OC
57,CHEMBL188325,524.81,nM,,COc1cc2cc(C(=O)C3=CC[N+](C)(Cc4ccccc4)CC3)sc2cc1OC
58,CHEMBL187812,19498.45,nM,,COc1cc2cc(C3CC[N+](C)(Cc4ccccc4)CC3O)sc2cc1OC
59,CHEMBL191729,2691.53,nM,,COc1cc2cc(C3=CC[N+](C)(Cc4ccccc4)CC3)sc2cc1OC
60,CHEMBL364125,52.48,nM,,COCC[N+]1(C)CCCC(C(=O)c2cc3cc(OC)c(OC)cc3s2)CC1
61,CHEMBL610243,32.36,nM,,COc1cc2cc(C(=O)C3CCC[N+](C)(Cc4ccc([N+](=O)[O-])o4)CC3)sc2cc1OC.[I-]
62,CHEMBL372491,28.18,nM,,COc1cc2cc(C(=O)C3CCC[N+](C)(CC4CCCCO4)CC3)sc2cc1OC
63,CHEMBL364585,79.43,nM,,COc1cc2cc(C(=O)C3CCC[N+](C)(CC(=O)OC(C)(C)C)CC3)sc2cc1OC
64,CHEMBL188917,389.05,nM,,COc1cc2cc(C(=O)C3CCC[N+](C)(CCOc4ccccc4)CC3)sc2cc1OC
65,CHEMBL188338,1000.0,nM,,COc1cc2cc(C(=O)C3CCC[N+](C)(CC#N)CC3)sc2cc1OC
66,CHEMBL366114,891.25,nM,,COc1cc2c(cc1OC)SC(C(=O)CCc1cc[n+](C)cc1)C2
67,CHEMBL188753,281.84,nM,,CC[n+]1ccc(CCC(=O)C2Cc3cc(OC)c(OC)cc3S2)cc1
68,CHEMBL189122,218.78,nM,,C=CC[n+]1ccc(CCC(=O)C2Cc3cc(OC)c(OC)cc3S2)cc1
69,CHEMBL189517,109.65,nM,,COc1cc2c(cc1OC)SC(C(=O)CCc1cc[n+](CC3CC3)cc1)C2
70,CHEMBL365904,39.81,nM,,COc1cc2c(cc1OC)SC(C(=O)CCc1cc[n+](CC3CCC3)cc1)C2
71,CHEMBL186264,7.079,nM,,CCOCC[n+]1ccc(CCC(=O)C2Cc3cc(OC)c(OC)cc3S2)cc1
72,CHEMBL187818,2.57,nM,,COc1cc2c(cc1OC)SC(C(=O)CCc1cc[n+](Cc3ccc(F)cc3)cc1)C2
73,CHEMBL188011,1000.0,nM,,COC(=O)c1ccc(C[n+]2ccc(CCC(=O)C3Cc4cc(OC)c(OC)cc4S3)cc2)cc1
74,CHEMBL362752,6.026,nM,,COc1cc2c(cc1OC)SC(C(=O)CCc1cc[n+](Cc3ccsc3)cc1)C2
75,CHEMBL610242,4.467,nM,,COc1cc2c(cc1OC)SC(C(=O)CCc1cc[n+](Cc3coc([N+](=O)[O-])c3)cc1)C2.[I-]
76,CHEMBL86031,100.0,nM,,C[N+]1(Cc2ccccc2)CCC(CCC(=O)c2ccc3c(c2)OCCO3)CC1
77,CHEMBL313231,41.69,nM,,C[N+]1(Cc2ccccc2)CCC(CCC(=O)c2ccc3c(c2)OCO3)CC1
78,CHEMBL313582,138.04,nM,,C[N+]1(Cc2ccccc2)CCC(CCC(=O)c2ccc3c(c2)CCCCO3)CC1
79,CHEMBL87823,50.12,nM,,COc1ccc2cc(C(=O)CCC3CC[N+](C)(Cc4ccccc4)CC3)ccc2c1
80,CHEMBL432376,120.23,nM,,COc1cc2cc(C(=O)CCC3CC[N+](C)(Cc4ccccc4)CC3)n(C)c2cc1OC
81,CHEMBL87014,21.88,nM,,Cc1cc(C(=O)CCC2CC[N+](C)(Cc3ccccc3)CC2)nn1-c1ccccc1
82,CHEMBL418955,8.318,nM,,COc1ccc2c(CCC3CCN(Cc4ccccc4)CC3)noc2c1
83,CHEMBL93123,9.333,nM,,O=C(Nc1ccc2c(CCC3CCN(Cc4ccccc4)CC3)noc2c1)c1ccccc1
84,CHEMBL92463,25.7,nM,,Oc1ccc2c(CCC3CCN(Cc4ccccc4)CC3)noc2c1
85,CHEMBL328715,812.83,nM,,c1ccc(CN2CCC(CCNc3noc4ccccc34)CC2)cc1
86,CHEMBL362350,338.84,nM,,C=[N+]1N=C(CCC2CCN(Cc3ccccc3)CC2)c2ccccc21
87,CHEMBL359570,0.3311,nM,,O=C1Cc2cc3c(CCC4CCN(Cc5ccccc5)CC4)noc3cc2N1
88,CHEMBL187603,190.55,nM,,COc1cc2c(cc1OC)SC(C(=O)CC(O)C1CC[N+](C)(Cc3ccccc3)CC1)C2
89,CHEMBL360832,89.13,nM,,COc1cc2c(cc1OC)SC(C(=O)CC1(O)CC[N+](C)(Cc3ccccc3)CC1)C2
90,CHEMBL186090,758.58,nM,,COc1cc2c(cc1OC)SC(C(=O)CC1C=CC[N+](C)(Cc3ccccc3)CC1)C2
91,CHEMBL187591,30199.52,nM,,COc1cc2c(cc1OC)SC(CC1CC[N+](C)(Cc3ccccc3)CC1)C2
92,CHEMBL188714,53.7,nM,,COC(=O)C[N+]1(C)CCC(CCC(=O)C2Cc3cc(OC)c(OC)cc3S2)CC1
93,CHEMBL187330,2570.4,nM,,CCC[n+]1ccc(CCC(=O)C2Cc3cc(OC)c(OC)cc3S2)cc1
94,CHEMBL189774,30.2,nM,,COCC[n+]1ccc(CCC(=O)C2Cc3cc(OC)c(OC)cc3S2)cc1
95,CHEMBL186042,4.571,nM,,COc1cc2c(cc1OC)SC(C(=O)CCc1cc[n+](Cc3ccccc3)cc1)C2
96,CHEMBL363455,239.88,nM,,O=C(CCc1cc[n+](Cc2ccccc2)cc1)c1ccc2c(c1)OCO2
97,CHEMBL8320,955.0,nM,,O=C1C=CC(=O)C=C1
98,CHEMBL364729,1670.0,nM,,O=C1C(=O)C(Cl)=C(Cl)C(Cl)=C1Cl
99,CHEMBL192627,163.0,nM,,O=C1C(Cl)=C(Cl)C(=O)C(Cl)=C1Cl
100,CHEMBL208092,16.5,nM,,C/C=C1\C2C=C(C)C[C@]1(N)CC(NCCCCCCCNc1c3c(nc4ccccc14)CCCC3)C2(C)C
101,CHEMBL1255901,47.0,nM,,C/C=C1\[C@H]2C=C(C)C[C@@]1(N)c1ccc(=O)[nH]c1C2
102,CHEMBL210453,6.4,nM,,C/C=C1\C2C=C(C)C[C@]1(C(=O)OC)CC(NCCCCCCCNc1c3c(nc4ccccc14)CCCC3)C2
103,CHEMBL382423,15.7,nM,,C/C=C1\C2C=C(C)C[C@]1(N)CC(NCCCCCCCNc1c3c(nc4ccccc14)CCCC3)C2
104,CHEMBL536047,0.033,nM,,CC1=CC2Cc3nc4cc(Cl)ccc4c(N)c3C(C1)C2.Cl
105,CHEMBL375126,48200.0,nM,,O=C1C(=O)N(Cc2ccc(Cl)c(Cl)c2)c2ccccc21
106,CHEMBL222752,3280.0,nM,,O=C1C(=O)N(Cc2ccc(Cc3ccc(CN4C(=O)C(=O)c5ccccc54)cc3)cc2)c2ccccc21
107,CHEMBL222856,104.0,nM,,COc1ccccc1CN(C)CCCCCC(=O)N(C)CCCCCCCCN(C)C(=O)CCCCCN(C)Cc1ccccc1OC.O=C(O)C(=O)O
108,CHEMBL385130,12.2,nM,,CCN(CCCCCC(=O)N(C)CCCCCCCCN(C)C(=O)CCCCCN(CC)Cc1ccccc1OC)Cc1ccccc1OC.O=C(O)C(=O)O
109,CHEMBL222904,5.67,nM,,CCN(CCCCCC(=O)N1CCC(C2CCN(C(=O)CCCCCN(CC)Cc3ccccc3OC)CC2)CC1)Cc1ccccc1OC.O=C(O)C(=O)O
110,CHEMBL225567,0.014,nM,,O=C(CCc1c[nH]c2ccccc12)NCCCCCCNc1c2c(nc3cc(Cl)ccc13)CCCC2
111,CHEMBL225198,0.009,nM,Outside typical range,O=C(CCc1c[nH]c2ccccc12)NCCCCCCCNc1c2c(nc3cc(Cl)ccc13)CCCC2
112,CHEMBL223443,0.015,nM,,O=C(Cc1c[nH]c2ccccc12)NCCCCCCCNc1c2c(nc3cc(Cl)ccc13)CCCC2
113,CHEMBL225326,0.02,nM,,O=C(Cc1c[nH]c2ccc(Br)cc12)NCCCCCCCNc1c2c(nc3cc(Cl)ccc13)CCCC2
114,CHEMBL225021,0.0017,nM,Outside typical range,O=C(CCCc1c[nH]c2ccccc12)NCCCCCNc1c2c(nc3cc(Cl)ccc13)CCCC2
115,CHEMBL433282,850.0,nM,,O=C1C(=O)c2cc([N+](=O)[O-])ccc2-c2ccccc21
116,CHEMBL235289,903.0,nM,,O=C1C(=O)c2ccc([N+](=O)[O-])c3c([N+](=O)[O-])ccc1c23
117,CHEMBL52347,320.0,nM,,O=C1C=Cc2ccccc2C1=O
118,CHEMBL402976,313700.0,nM,Outside typical range,CN(C)CCOC(=O)Nc1ccncc1
119,CHEMBL537454,140200.0,nM,Outside typical range,CN(C)CCOC(=O)Nc1cc(Cl)nc(Cl)c1.Cl
120,CHEMBL3216883,316400.0,nM,Outside typical range,CN(C)CCOC(=O)Nc1ccncc1Br.Cl.Cl
121,CHEMBL3216205,207700.0,nM,Outside typical range,CN(C)CCOC(=O)Nc1ccnc(Cl)c1.Cl.Cl.Cl
122,CHEMBL254302,64400.0,nM,,C[N+](C)(C)CCOC(=O)Nc1cc(Cl)nc(Cl)c1.[I-]
123,CHEMBL254300,115900.0,nM,Outside typical range,C[N+](C)(C)CCOC(=O)Nc1ccncc1Br.[I-]
124,CHEMBL402977,150900.0,nM,Outside typical range,C[N+](C)(C)CCOC(=O)Nc1ccnc(Cl)c1.[I-]
125,CHEMBL254299,159000.0,nM,Outside typical range,C[N+](C)(C)CCOC(=O)Nc1ccncc1.[I-]
126,CHEMBL231160,2.6,nM,,CCN(CCCCCCNC1=CC(=O)C(NCCCCCCN(CC)Cc2ccccc2OC)=CC1=O)Cc1ccccc1OC
127,CHEMBL495711,1908.0,nM,,N[C@@H](Cc1ccccc1)C(=O)NCC(=O)Nc1c2c(nc3ccccc13)CCCC2
128,CHEMBL522073,6320.0,nM,,CN[C@@H](Cc1ccccc1)C(=O)NCC(=O)Nc1c2c(nc3ccccc13)CCCC2
129,CHEMBL496946,11190.0,nM,,N[C@@H](Cc1ccc2ccccc2c1)C(=O)NCC(=O)Nc1c2c(nc3ccccc13)CCCC2
130,CHEMBL521874,4130.0,nM,,O=C(CNC(=O)[C@@H]1Cc2ccccc2CN1)Nc1c2c(nc3ccccc13)CCCC2
131,CHEMBL495712,2214.0,nM,,N[C@@H](Cc1c[nH]c2ccccc12)C(=O)NCC(=O)Nc1c2c(nc3ccccc13)CCCC2
132,CHEMBL496126,3330.0,nM,,CN[C@@H](Cc1c[nH]c2ccccc12)C(=O)NCC(=O)Nc1c2c(nc3ccccc13)CCCC2
133,CHEMBL508778,7970.0,nM,,CC(C)(C)OC(=O)N[C@@H](Cc1c[nH]c2ccccc12)C(=O)NCCC(=O)Nc1c2c(nc3ccccc13)CCCC2
134,CHEMBL496127,34030.0,nM,,N[C@@H](Cc1c[nH]c2ccccc12)C(=O)NCCC(=O)Nc1c2c(nc3ccccc13)CCCC2
135,CHEMBL502244,130.0,nM,,CC(C)(C)OC(=O)N[C@@H](Cc1c[nH]c2ccccc12)C(=O)NCCNc1c2c(nc3ccccc13)CCCC2
136,CHEMBL525917,280.0,nM,,N[C@@H](Cc1c[nH]c2ccccc12)C(=O)NCCNc1c2c(nc3ccccc13)CCCC2
137,CHEMBL504571,15.4,nM,,CC(C)(C)OC(=O)N[C@@H](CCC(=O)NCCNc1c2c(nc3ccccc13)CCCC2)C(=O)NCCNc1c2c(nc3ccccc13)CCCC2
138,CHEMBL397271,6.21,nM,,N[C@@H](CCC(=O)NCCNc1c2c(nc3ccccc13)CCCC2)C(=O)NCCNc1c2c(nc3ccccc13)CCCC2
139,CHEMBL451304,6.75,nM,,O=C(NCCCCCNc1c2c(nc3ccccc13)CCCC2)[C@@H]1CCCN1CCNc1c2c(nc3ccccc13)CCCC2
140,CHEMBL129108,27.9,nM,,c1ccc2c(NCCCCCCCCSc3c4c(nc5ccccc35)CCCC4)c3c(nc2c1)CCCC3
141,CHEMBL481,50.5,nM,,CCc1c2c(nc3ccc(OC(=O)N4CCC(N5CCCCC5)CC4)cc13)-c1cc3c(c(=O)n1C2)COC(=O)[C@]3(O)CC
142,CHEMBL464538,10.0,nM,,C=CC[N+](C)(C)c1ccc(CCC(=O)CCc2ccc([N+](C)(C)CC=C)cc2)cc1.[Br-].[Br-]
143,CHEMBL1190,6000000.0,nM,Outside typical range,C[N+](C)(C)CCCCCCCCCC[N+](C)(C)C
144,CHEMBL360055,37000.0,nM,,CC[N+](CC)(CC)CCOc1cccc(OCC[N+](CC)(CC)CC)c1OCC[N+](CC)(CC)CC
145,CHEMBL490660,1.63,nM,,c1ccc2c(NCCc3ccc(CCNc4c5c(nc6ccccc46)CCCC5)cc3)c3c(nc2c1)CCCC3
146,CHEMBL507438,7.45,nM,,Cc1cc(CCNc2c3c(nc4ccccc24)CCCC3)cc(CCNc2c3c(nc4ccccc24)CCCC3)c1
147,CHEMBL522286,13.27,nM,,c1ccc2c(NCCc3cocc3CCNc3c4c(nc5ccccc35)CCCC4)c3c(nc2c1)CCCC3
148,CHEMBL521935,0.768,nM,,c1cc(CCNc2c3c(nc4ccccc24)CCCC3)nc(CCNc2c3c(nc4ccccc24)CCCC3)c1
149,CHEMBL490264,1.718,nM,,c1cc(CCNc2c3c(nc4ccccc24)CCCC3)cc(CCNc2c3c(nc4ccccc24)CCCC3)c1
150,CHEMBL445454,0.1359,nM,,c1ccc2c(NCCCN3CCN(CCCNc4c5c(nc6ccccc46)CCCC5)CC3)c3c(nc2c1)CCCC3
151,CHEMBL499224,0.1191,nM,,OCCN(CCCCNc1c2c(nc3ccccc13)CCCC2)CCCNc1c2c(nc3ccccc13)CCCC2
152,CHEMBL490060,0.162,nM,,CCN(CCCCNc1c2c(nc3ccccc13)CCCC2)CCCNc1c2c(nc3ccccc13)CCCC2
153,CHEMBL489454,0.0118,nM,,CN(CCCCNc1c2c(nc3ccccc13)CCCC2)CCCNc1c2c(nc3ccccc13)CCCC2
154,CHEMBL451277,0.223,nM,,CC(=O)N(CCCCNc1c2c(nc3ccccc13)CCCC2)CCCNc1c2c(nc3ccccc13)CCCC2
155,CHEMBL482512,2.672,nM,,c1ccc2c(NCCCCNCCCSc3c4c(nc5ccccc35)CCCC4)c3c(nc2c1)CCCC3
156,CHEMBL501587,20.88,nM,,CC(=O)N(CCCCNc1c2c(nc3ccccc13)CCCC2)CCCSc1c2c(nc3ccccc13)CCCC2
157,CHEMBL175949,5.15,nM,,CC(=O)N(CCCCSc1c2c(nc3ccccc13)CCCC2)CCCNc1c2c(nc3ccccc13)CCCC2
158,CHEMBL175555,3.99,nM,,CN(CCCCSc1c2c(nc3ccccc13)CCCC2)CCCNc1c2c(nc3ccccc13)CCCC2
159,CHEMBL179192,13.37,nM,,CC(=O)N(CCCNc1c2c(nc3ccccc13)CCCC2)CCCSc1c2c(nc3ccccc13)CCCC2
160,CHEMBL338755,0.54,nM,,CN(CCCNc1c2c(nc3ccccc13)CCCC2)CCCNc1c2c(nc3ccccc13)CCCC2
161,CHEMBL507174,0.0847,nM,,C=CCN(CCCCNc1c2c(nc3ccccc13)CCCC2)CCCNc1c2c(nc3ccccc13)CCCC2
162,CHEMBL374184,109.0,nM,,CCOC(=O)C1=C(C)Nc2nc3c(c(N)c2C1c1ccc(OC)cc1)CCCC3
163,CHEMBL3215768,1.91,nM,,Cl.Cl.Cl.Cl.O=C(NCCCCCCCCNc1c2c(nc3cc(Cl)ccc13)CCCC2)c1ccc2nc(-c3ccc(Cl)cc3)c3c(c2c1)OCCC3
164,CHEMBL309490,85600.0,nM,,O=c1c(O)c(-c2ccccc2)oc2cc(O)cc(O)c12
165,CHEMBL28,121600.0,nM,Outside typical range,O=c1cc(-c2ccc(O)cc2)oc2cc(O)cc(O)c12
166,CHEMBL150,92800.0,nM,,O=c1c(O)c(-c2ccc(O)cc2)oc2cc(O)cc(O)c12
167,CHEMBL50,38300.0,nM,,O=c1c(O)c(-c2ccc(O)c(O)c2)oc2cc(O)cc(O)c12
168,CHEMBL164,37800.0,nM,,O=c1c(O)c(-c2cc(O)c(O)c(O)c2)oc2cc(O)cc(O)c12
169,CHEMBL31574,100200.0,nM,Outside typical range,O=c1c(O)c(-c2ccc(O)c(O)c2)oc2cc(O)ccc12
170,CHEMBL151,65800.0,nM,,O=c1cc(-c2ccc(O)c(O)c2)oc2cc(O)cc(O)c12
171,CHEMBL590031,24000.0,nM,,CO[P@@]1(=O)CC[C@H]2COC(=O)C2=C(C)O1
172,CHEMBL592433,140000.0,nM,Outside typical range,CO[P@]1(=O)CC[C@H]2COC(=O)C2=C(C)O1
173,CHEMBL592624,76000.0,nM,,COC(=O)C1=C(C)OP(=O)(OC)CCC1
174,CHEMBL592857,310000.0,nM,Outside typical range,COC(=O)C1=C(C)OP(=O)(OC)CC1
175,CHEMBL1025,6000.0,nM,,CC(C)OP(=O)(F)OC(C)C
176,CHEMBL599644,61.1,nM,,CN(Cc1ccccc1)Cc1ccc(/C=C2\CCc3cc(OCCCCCN4CCCCC4)ccc3C2=O)cc1
177,CHEMBL590298,89300.0,nM,,NC(=O)N1c2ccccc2Sc2ccccc21
178,CHEMBL606338,9360.0,nM,,CNC(=O)N1c2ccccc2Sc2ccccc21
179,CHEMBL600230,1450000.0,nM,Outside typical range,CCNC(=O)N1c2ccccc2Sc2ccccc21
180,CHEMBL592185,691000.0,nM,Outside typical range,CC(C)NC(=O)N1c2ccccc2Sc2ccccc21
181,CHEMBL592674,400000.0,nM,Outside typical range,CN(C)C(=O)N1c2ccccc2Sc2ccccc21
182,CHEMBL601282,16300.0,nM,,CCN(CC)CCNC(=O)N1c2ccccc2Sc2ccccc21.Cl
183,CHEMBL605824,810.0,nM,,CC(C)N(CCNC(=O)N1c2ccccc2Sc2ccccc21)C(C)C
184,CHEMBL589536,29400.0,nM,,O=C(NCCN1CCCC1)N1c2ccccc2Sc2ccccc21
185,CHEMBL589563,620.0,nM,,O=C(NCCN1CCCCC1)N1c2ccccc2Sc2ccccc21
186,CHEMBL430886,20.0,nM,,[Br-].[Br-].c1cc[n+](CCCCCCCCCCC[n+]2ccccc2)cc1
187,CHEMBL1081810,140.0,nM,,[Br-].[Br-].c1cc[n+](Cc2ccc3ccc(C[n+]4ccccc4)cc3c2)cc1
188,CHEMBL1087194,24.0,nM,,CCOC(=O)c1cc2c(N)c3c(nc2nc1C)CCCC3
189,CHEMBL659,300.0,nM,,COc1ccc2c3c1O[C@H]1C[C@@H](O)C=C[C@@]31CCN(C)C2
190,CHEMBL558873,860.0,nM,,CC(C)(C)[Si](C)(C)O[C@H]1C=C2CCN3Cc4cc5c(cc4[C@H]([C@@H]1O)[C@@H]23)OCO5
191,CHEMBL564408,340.0,nM,,CC(=O)O[C@H]1[C@H]2c3cc4c(cc3CN3CCC(=C[C@@H]1O[Si](C)(C)C(C)(C)C)[C@H]23)OCO4
192,CHEMBL251077,430.0,nM,,CC(=O)O[C@H]1[C@H]2c3cc4c(cc3CN3CCC(=C[C@@H]1O)[C@H]23)OCO4
193,CHEMBL1221975,390.0,nM,,CC(C)(C)[Si](C)(C)O[C@H]1C=C2CCN3Cc4cc5c(cc4[C@H]([C@@H]1OC(=O)c1ccccc1)[C@@H]23)OCO5
194,CHEMBL1222025,540.0,nM,,O=C(O[C@H]1[C@H]2c3cc4c(cc3CN3CCC(=C[C@@H]1O)[C@H]23)OCO4)c1ccccc1
195,CHEMBL1222026,970.0,nM,,CC(=O)O[C@H]1C=C2CCN3Cc4cc5c(cc4[C@H]([C@@H]1OC(=O)c1ccccc1)[C@@H]23)OCO5
196,CHEMBL1642977,90.0,nM,,CC(C)(C)c1cc[n+](CCCCCCCC[n+]2ccc(C(C)(C)C)cc2)cc1.[Br-].[Br-]
197,CHEMBL1642988,100.0,nM,,CC(C)(C)c1cc[n+](/C=C2\C=CC3=CC/C(=C\[n+]4ccc(C(C)(C)C)cc4)C=C3C2)cc1.[Br-].[Br-]
198,CHEMBL1200970,24700.0,nM,,CCN(CC)C(C)CN1c2ccccc2Sc2ccccc21.Cl
199,CHEMBL1669479,5.0,nM,,C[N+](C)(CCNC(=O)C(=O)NCC[N+](C)(C)Cc1ccccc1Cl)Cc1ccccc1Cl.[Cl-].[Cl-]
200,CHEMBL1669486,620.0,nM,,[Br-].[Br-].c1ccc2c[n+](CCCCCCCC[n+]3ccc4ccccc4c3)ccc2c1
201,CHEMBL1669494,1250.0,nM,,[Br-].[Br-].c1ccc2c[n+](Cc3ccc4ccc(C[n+]5ccc6ccccc6c5)cc4c3)ccc2c1
202,CHEMBL225577,40.0,nM,,[Br-].[Br-].c1ccc2c(c1)ccc[n+]2CCCCCCCCCC[n+]1cccc2ccccc21
203,CHEMBL1762003,2300.0,nM,,[Br-].[Br-].c1ccc2c(c1)ccc[n+]2Cc1ccc2ccc(C[n+]3cccc4ccccc43)cc2c1
204,CHEMBL392577,3.5,nM,,O=C(c1c2ccccc2cc2ccccc12)N1c2ccccc2Sc2ccccc21
205,CHEMBL1819176,1.01,nM,,Clc1ccc2c(NCCCCCCCNc3c4c(nc5ccccc35)-c3ccccc3C4)c3c(nc2c1)CCCC3
206,CHEMBL2011402,34300.0,nM,,COc1ccc([C@H]2Oc3cc(O)c(C/C=C(\C)CCC=C(C)C)c(O)c3C(=O)[C@@H]2O)cc1O
207,CHEMBL459258,68200.0,nM,,COc1cc([C@H]2Oc3cc(O)c(C/C=C(\C)CCC=C(C)C)c(O)c3C(=O)[C@@H]2O)ccc1O
208,CHEMBL2011403,16900.0,nM,,COc1c(O)cc(C2Oc3cc(O)c(C/C=C(\C)CCC=C(C)C)c(O)c3C(=O)[C@@H]2O)cc1O
209,CHEMBL2011404,94500.0,nM,,COc1ccc([C@@H]2CC(=O)c3c(cc(O)c(C/C=C(\C)CCC=C(C)C)c3O)O2)cc1O
210,CHEMBL253152,149500.0,nM,Outside typical range,COc1cc([C@@H]2CC(=O)c3c(cc(O)c(C/C=C(\C)CCC=C(C)C)c3O)O2)ccc1O
211,CHEMBL2011405,30100.0,nM,,COc1c(O)cc(C2CC(=O)c3c(cc(O)c(C/C=C(\C)CCC=C(C)C)c3O)O2)cc1O
212,CHEMBL374130,120500.0,nM,Outside typical range,CC(C)=CCC/C(C)=C/Cc1c(O)cc2c(c1O)C(=O)C[C@@H](c1ccc(O)cc1)O2
213,CHEMBL223256,8400.0,nM,,CC(C)=CCC/C(C)=C/Cc1c(O)cc2c(c1O)C(=O)C[C@@H](c1ccc(O)c(O)c1)O2
214,CHEMBL1256415,6340.0,nM,,COc1ccc2nc3c(c(N)c2c1)CCCC3
215,CHEMBL1677,101.0,nM,,Cl.Nc1c2c(nc3ccccc13)CCCC2
216,CHEMBL2064470,24.7,nM,,CN(CCCN1CCN(CCNc2c3c(nc4ccccc24)CCCC3)CC1)c1ccccc1
217,CHEMBL2064468,47.6,nM,,CN(CCCN1CCN(CCNc2c3c(nc4ccccc24)CCCC3)CC1)C1CCCCC1
218,CHEMBL2064466,85.5,nM,,CN(CCC(=O)N1CCN(CCNc2c3c(nc4ccccc24)CCCC3)CC1)c1ccccc1
219,CHEMBL2064465,3.73,nM,,CCN(CCC(=O)N1CCN(CCNc2c3c(nc4ccccc24)CCCC3)CC1)C1CCCCC1
220,CHEMBL2064464,0.318,nM,,CN(CCC(=O)N1CCN(CCNc2c3c(nc4ccccc24)CCCC3)CC1)C1CCCCC1
221,CHEMBL2064404,76.1,nM,,O=C(CCN1CCCCC1)N1CCN(CCNc2c3c(nc4ccccc24)CCCC3)CC1
222,CHEMBL2159664,47.0,nM,,CC(=O)c1ccccc1NC(=O)c1ccc(OCCCCCC[n+]2ccccc2)cc1.[Br-]
223,CHEMBL2159663,81.0,nM,,CC(=O)c1ccccc1NC(=O)c1ccc(OCCCCC[n+]2ccccc2)cc1.[Br-]
224,CHEMBL2159662,6.47,nM,,CC(=O)c1ccccc1NC(=O)c1ccc(OCCCCC[n+]2cccc3ccccc32)cc1.[Br-]
225,CHEMBL2159661,9.4,nM,,CC(=O)c1ccccc1NC(=O)c1ccc(OCCCCCC[n+]2ccc3ccccc3c2)cc1.[Br-]
226,CHEMBL2159660,44.66,nM,,CC(=O)c1ccccc1NC(=O)c1ccc(OCCCCC[n+]2ccc3ccccc3c2)cc1.[Br-]
227,CHEMBL2159659,45.81,nM,,CC(=O)c1ccccc1NC(=O)c1ccc(OCCCC[n+]2ccc3ccccc3c2)cc1.[Br-]
228,CHEMBL2159658,53.0,nM,,CC(=O)c1ccccc1NC(=O)c1ccc(OCCCC[n+]2cccc3ccccc32)cc1.[Br-]
229,CHEMBL2159657,123.73,nM,,O=C(NCCc1c[nH]c2ccccc12)c1ccc(OCCCC[n+]2cccc3ccccc32)cc1.[Br-]
230,CHEMBL2159656,197.78,nM,,CN(C)c1cc[n+](CCCCOc2ccc(C(=O)NCCc3c[nH]c4ccccc34)cc2)cc1.[Br-]
231,CHEMBL2158019,1437.0,nM,,O=C(NCCc1c[nH]c2ccccc12)c1ccc(OCCCCn2c3ccccc3c3ccccc32)cc1
232,CHEMBL2164779,1200000.0,nM,Outside typical range,CC(C)NC[C@H](O)c1ccc(OC(=O)N(C)C)c(OC(=O)N(C)C)c1.Cl
233,CHEMBL2164778,390000.0,nM,Outside typical range,CC(C)NC[C@H](O)c1cc(OC(=O)N(C)C)cc(OC(=O)N(C)C)c1.Cl
234,CHEMBL2164777,1400000.0,nM,Outside typical range,CC(C)NCC(O)c1ccc(OC(=O)N(C)C)c(OC(=O)N(C)C)c1.Cl
235,CHEMBL2164776,710000.0,nM,Outside typical range,CC(C)NCC(O)c1cc(OC(=O)N(C)C)cc(OC(=O)N(C)C)c1.Cl
236,CHEMBL258893,1120.0,nM,,COc1ccc2c(c[n+](C)c3c4cc5c(cc4ccc23)OCO5)c1OC.[Cl-]
237,CHEMBL518543,3100.0,nM,,CC(C)=CCc1c(-c2ccc(O)cc2O)oc2c(CC=C(C)C)c(O)cc(O)c2c1=O
238,CHEMBL1770314,3100.0,nM,,CC1(C)C=Cc2c(cc(O)c3c(=O)c4c(oc23)-c2ccc(O)cc2OC(C(C)(C)O)C4)O1
239,CHEMBL1770313,3100.0,nM,,CC(C)=CC1Oc2cc(O)ccc2-c2oc3c4c(cc(O)c3c(=O)c21)OC(C)(C)C=C4
240,CHEMBL1719948,3100.0,nM,,CC(C)(O)CCc1c(-c2ccc(O)cc2O)oc2c3c(cc(O)c2c1=O)OC(C)(C)C=C3
241,CHEMBL464006,3100.0,nM,,CC(C)=CCc1c(-c2ccc(O)cc2O)oc2c3c(cc(O)c2c1=O)OC(C)(C)C=C3
242,CHEMBL1096939,3100.0,nM,,CC(C)=CCC/C(C)=C/Cc1cc(C2CC(=O)c3c(O)cc(O)cc3O2)c(O)cc1O
243,CHEMBL2297276,3100.0,nM,,COc1cc(O)c(C2CC(=O)c3c(O)cc(O)cc3O2)cc1C/C=C(\C)CCC=C(C)C
244,CHEMBL2297277,3100.0,nM,,CC(C)=CCC/C(C)=C/Cc1cc(-c2cc(=O)c3c(O)cc(O)cc3o2)c(O)cc1O
245,CHEMBL2297278,3100.0,nM,,COc1cc(O)c(-c2cc(=O)c3c(O)cc(O)cc3o2)cc1C/C=C(\C)CCC=C(C)C
246,CHEMBL2297982,2870.0,nM,,O=c1c(Cl)c(N2CCN(c3ccc(C(F)(F)F)cn3)CC2)cnn1-c1c(Cl)cc(C(F)(F)F)cc1Cl
247,CHEMBL187030,896.73,nM,,O=C(CC1S/C(=N/c2ccc(C3CCCCC3)cc2)NC1=O)Nc1ccc(OC(F)(F)F)cc1
248,CHEMBL2297981,130.05,nM,,CSc1cccc(/N=C2\NC(=O)C(CC(=O)Nc3ccc(F)c(F)c3)S2)c1
249,CHEMBL2297980,22.78,nM,,O=C(Nc1ccc(OC(F)(F)F)cc1)OC1CN(C(c2ccccc2)c2ccccc2)C1
250,CHEMBL1720480,95.3,nM,,O=C(NC1CCN(Cc2ccccc2)CC1)c1ccc2c(c1)OCCCO2
251,CHEMBL2297979,47.34,nM,,O=C(CN1CCN(Cc2ccccc2)CC1)Nc1ccc(C(F)(F)F)cc1Cl
252,CHEMBL2297978,21.29,nM,,Cc1c(S(=O)(=O)c2ccc(Cl)cc2)csc1C(=O)NC1CCN(Cc2ccccc2)CC1
253,CHEMBL1711540,54.84,nM,,COc1ccc(C(=O)NC2CCN(Cc3c(F)cccc3Cl)CC2)cc1OC
254,CHEMBL2297977,241.14,nM,,O=C(Nc1ccc(OC(F)(F)F)cc1)N1CCCN(CCc2ccccc2)CC1
255,CHEMBL2297976,2350.0,nM,,N/C(=N\OC(=O)c1cnn(-c2ccc([N+](=O)[O-])cc2)c1C(F)(F)F)c1ccc(Cl)cc1
256,CHEMBL2297975,521.34,nM,,CC(C)(C)c1ccc(/C(N)=N/OC(=O)c2cnn(-c3ccc([N+](=O)[O-])cc3)c2C(F)(F)F)cc1
257,CHEMBL2297985,2070.0,nM,,N/C(=N\OC(=O)c1cnn(-c2ccc([N+](=O)[O-])cc2)c1C(F)(F)F)c1ccc(C(F)(F)F)cc1
258,CHEMBL2297984,61.4,nM,,CC(CN1CCN(Cc2ccccc2)CC1)N(C(=O)c1cccc([N+](=O)[O-])c1)c1ccccn1
259,CHEMBL2297983,263.15,nM,,O=[N+]([O-])c1ccc(OCC(O)CN2CCCN(c3nc4ccc(Cl)cc4s3)CC2)cc1
260,CHEMBL515394,73.78,nM,,COc1cc2c(cc1OC)C(=O)C(Cc1ccc(CN3CCCCC3)cc1)C2
261,CHEMBL472776,59.34,nM,,COc1cc2c(cc1OC)C(=O)C(Cc1cccc(CN3CCCCC3)c1)C2
262,CHEMBL473962,772.65,nM,,COc1cc2c(cc1OC)C(=O)C(Cc1ccc(CN3CCCC3)cc1)C2
263,CHEMBL473767,22.28,nM,,COc1cc2c(cc1OC)C(=O)C(Cc1cccc(CN3CCCC3)c1)C2
264,CHEMBL472814,1040.0,nM,,CCN(CC)Cc1ccc(CC2Cc3cc(OC)c(OC)cc3C2=O)cc1
265,CHEMBL472813,21.66,nM,,CCN(CC)Cc1cccc(CC2Cc3cc(OC)c(OC)cc3C2=O)c1
266,CHEMBL474190,918.25,nM,,CCN(C)Cc1ccc(CC2Cc3cc(OC)c(OC)cc3C2=O)cc1
267,CHEMBL515891,506.78,nM,,CCN(C)Cc1cccc(CC2Cc3cc(OC)c(OC)cc3C2=O)c1
268,CHEMBL474578,161.03,nM,,COc1cc2c(cc1OC)C(=O)C(Cc1ccc(CN(C)C)cc1)C2
269,CHEMBL474577,524.99,nM,,COc1cc2c(cc1OC)C(=O)C(Cc1cccc(CN(C)C)c1)C2
270,CHEMBL514186,95.21,nM,,COc1cc2c(cc1OC)C(=O)/C(=C/c1ccc(CN3CCCCC3)cc1)C2
271,CHEMBL475161,70.9,nM,,COc1cc2c(cc1OC)C(=O)/C(=C/c1cccc(CN3CCCCC3)c1)C2
272,CHEMBL465028,198.49,nM,,COc1cc2c(cc1OC)C(=O)/C(=C/c1ccc(CN3CCCC3)cc1)C2
273,CHEMBL465027,126.75,nM,,COc1cc2c(cc1OC)C(=O)/C(=C/c1cccc(CN3CCCC3)c1)C2
274,CHEMBL464427,453.15,nM,,CCN(CC)Cc1ccc(/C=C2\Cc3cc(OC)c(OC)cc3C2=O)cc1
275,CHEMBL518399,236.52,nM,,CCN(CC)Cc1cccc(/C=C2\Cc3cc(OC)c(OC)cc3C2=O)c1
276,CHEMBL464024,919.62,nM,,CCN(C)Cc1ccc(/C=C2\Cc3cc(OC)c(OC)cc3C2=O)cc1
277,CHEMBL463279,235.5,nM,,CCN(C)Cc1cccc(/C=C2\Cc3cc(OC)c(OC)cc3C2=O)c1
278,CHEMBL462873,616.7,nM,,COc1cc2c(cc1OC)C(=O)/C(=C/c1ccc(CN(C)C)cc1)C2
279,CHEMBL462872,62.25,nM,,COc1cc2c(cc1OC)C(=O)/C(=C/c1cccc(CN(C)C)c1)C2
280,CHEMBL361540,227.94,nM,,COc1cc2c(cc1OC)C(=O)C(Oc1ccc(C(C)N3CCN(C)CC3)cc1)C2
281,CHEMBL360570,69.46,nM,,COc1cc2c(cc1OC)C(=O)C(Oc1ccc(CN3CCN(C)CC3)cc1)C2
282,CHEMBL181207,77.66,nM,,COc1cc2c(cc1OC)C(=O)C(Oc1cccc(C(C)N3CCN(C)CC3)c1)C2
283,CHEMBL264242,62.06,nM,,COc1cc2c(cc1OC)C(=O)C(Oc1cccc(CN3CCN(C)CC3)c1)C2
284,CHEMBL361309,217.13,nM,,COc1cc2c(cc1OC)C(=O)C(Oc1ccc(C(C)N3CCOCC3)cc1)C2
285,CHEMBL179824,514.05,nM,,COc1cc2c(cc1OC)C(=O)C(Oc1ccc(CN3CCOCC3)cc1)C2
286,CHEMBL183184,118.04,nM,,COc1cc2c(cc1OC)C(=O)C(Oc1cccc(C(C)N3CCOCC3)c1)C2
287,CHEMBL182251,793.14,nM,,COc1cc2c(cc1OC)C(=O)C(Oc1cccc(CN3CCOCC3)c1)C2
288,CHEMBL180413,106.26,nM,,COc1cc2c(cc1OC)C(=O)C(Oc1ccc(C(C)N3CCCCC3)cc1)C2
289,CHEMBL180145,403.05,nM,,COc1cc2c(cc1OC)C(=O)C(Oc1ccc(CN3CCCCC3)cc1)C2
290,CHEMBL362238,38.18,nM,,COc1cc2c(cc1OC)C(=O)C(Oc1cccc(C(C)N3CCCCC3)c1)C2
291,CHEMBL181216,266.41,nM,,COc1cc2c(cc1OC)C(=O)C(Oc1cccc(CN3CCCCC3)c1)C2
292,CHEMBL180442,402.85,nM,,COc1cc2c(cc1OC)C(=O)C(Oc1ccc(C(C)N3CCCC3)cc1)C2
293,CHEMBL180483,257.1,nM,,COc1cc2c(cc1OC)C(=O)C(Oc1ccc(CN3CCCC3)cc1)C2
294,CHEMBL182252,137.63,nM,,COc1cc2c(cc1OC)C(=O)C(Oc1cccc(C(C)N3CCCC3)c1)C2
295,CHEMBL362583,505.09,nM,,COc1cc2c(cc1OC)C(=O)C(Oc1cccc(CN3CCCC3)c1)C2
296,CHEMBL181125,1330.0,nM,,CCN(CC)C(C)c1ccc(OC2Cc3cc(OC)c(OC)cc3C2=O)cc1
297,CHEMBL180437,1340.0,nM,,CCN(CC)Cc1ccc(OC2Cc3cc(OC)c(OC)cc3C2=O)cc1
298,CHEMBL180640,865.03,nM,,CCN(CC)C(C)c1cccc(OC2Cc3cc(OC)c(OC)cc3C2=O)c1
299,CHEMBL180645,1590.0,nM,,CCN(CC)Cc1cccc(OC2Cc3cc(OC)c(OC)cc3C2=O)c1
300,CHEMBL178152,543.47,nM,,COc1cc2c(cc1OC)C(=O)C(Oc1ccc(C(C)N(C)C)cc1)C2
301,CHEMBL435897,208.77,nM,,COc1cc2c(cc1OC)C(=O)C(Oc1ccc(CN(C)C)cc1)C2
302,CHEMBL541980,399.71,nM,,COc1cc2c(cc1OC)C(=O)C(Oc1cccc(C(C)N(C)C)c1)C2
303,CHEMBL181310,1004.0,nM,,COc1cc2c(cc1OC)C(=O)C(Oc1cccc(CN(C)C)c1)C2
304,CHEMBL2312576,25.4,nM,,COc1ccc([C@@H]2CC(c3c4ccccc4cc4ccccc34)=NN2)cc1
305,CHEMBL2312575,20.6,nM,,O=[N+]([O-])c1cccc([C@@H]2CC(c3c4ccccc4cc4ccccc34)=NN2)c1
306,CHEMBL2312574,41.3,nM,,c1ccc([C@@H]2CC(c3c4ccccc4cc4ccccc34)=NN2)nc1
307,CHEMBL2312573,7.2,nM,,Oc1ccc([C@@H]2CC(c3c4ccccc4cc4ccccc34)=NN2)c(O)c1
308,CHEMBL2312285,24.4,nM,,Oc1ccccc1[C@@H]1CC(c2c3ccccc3cc3ccccc23)=NN1
309,CHEMBL2312284,30.2,nM,,c1ccc([C@@H]2CC(c3c4ccccc4cc4ccccc34)=NN2)cc1
310,CHEMBL2312282,30.3,nM,,Clc1ccc([C@@H]2CC(c3c4ccccc4cc4ccccc34)=NN2)cc1
311,CHEMBL2323356,83800.0,nM,,CCOc1ccc(/C=N/NC(=O)CN2CCC(Cc3ccccc3)CC2)cc1
312,CHEMBL2323355,19500.0,nM,,COc1ccc(/C=N/NC(=O)CN2CCC(Cc3ccccc3)CC2)cc1
313,CHEMBL187460,6410.0,nM,,C[C@H]1COC2=C1C(=O)C(=O)c1c2ccc2c1CCCC2(C)C
314,CHEMBL227075,1950.0,nM,,Cc1cccc2c3c(ccc12)C1=C(C(=O)C3=O)[C@@H](C)CO1
315,CHEMBL3093804,20.0,nM,,[Br-].[Br-].c1cc[n+](CCCCCCCCCCCC[n+]2cccc3ccccc32)cc1
316,CHEMBL3093802,400.0,nM,,[Br-].[Br-].c1cc[n+](CCCCCCCCCC[n+]2cccc3ccccc32)cc1
317,CHEMBL24686,1.7,nM,,COc1cc(-c2cc3c(c(=O)o2)C[C@]2(O)[C@@]4(C)C(=O)C=CC(C)(C)[C@]4(O)CC[C@@]2(C)O3)cc(OC)c1OC
318,CHEMBL3099500,1.48,nM,,CN(CCCCNc1c2c(nc3c(NC(=O)CNC(=O)CC[C@H](NC(=O)CNC(=O)OCc4ccccc4)C(=O)N[C@@H](Cc4ccccc4)C(=O)OCc4ccccc4)cccc13)CCCC2)CCCNc1c2c(nc3ccccc13)CCCC2
319,CHEMBL3099499,5.02,nM,,CN(CCCCNc1c2c(nc3ccccc13)CCCC2)CCCNc1c2c(nc3c(NC(=O)CNC(=O)CC[C@H](NC(=O)CNC(=O)OCc4ccccc4)C(=O)N[C@@H](Cc4ccccc4)C(=O)OCc4ccccc4)cccc13)CCCC2
320,CHEMBL3099498,1.92,nM,,O=C(CC[C@H](NC(=O)CNC(=O)OCc1ccccc1)C(=O)N[C@@H](Cc1ccccc1)C(=O)OCc1ccccc1)NCC(=O)Nc1cccc2c(NCCCCCCCCNc3c4c(nc5ccccc35)CCCC4)c3c(nc12)CCCC3
321,CHEMBL3099497,0.23,nM,,Nc1cccc2c(NCCCCCCCCNc3c4c(nc5ccccc35)CCCC4)c3c(nc12)CCCC3
322,CHEMBL3099496,0.78,nM,,O=[N+]([O-])c1cccc2c(NCCCCCCCCNc3c4c(nc5ccccc35)CCCC4)c3c(nc12)CCCC3
323,CHEMBL3115037,2010.0,nM,,CN1CC[C@@H](C(=O)N2C/C(=C\c3ccc(F)cc3)C(=O)[C@@]3(C2)[C@H](c2ccc(F)cc2)CN(C)[C@]32C(=O)Nc3ccccc32)[C@@]12C(=O)Nc1ccccc12
324,CHEMBL3122167,73.0,nM,,CCNC(=O)c1ccc2nc(-c3ccc(Cl)cc3)c3c(c2c1)NCCC3
325,CHEMBL3122149,2340.0,nM,,CCNC(=O)c1ccc2nc(-c3ccc(Cl)cc3)c3c(c2c1)N(Cc1ccccc1)CCC3
326,CHEMBL3235205,2430000.0,nM,Outside typical range,O=C(/C=N/O)NC1CCN(Cc2ccccc2)CC1
327,CHEMBL3235206,3178000.0,nM,Outside typical range,O=C(/C=N/O)NCC1CCN(Cc2ccccc2)CC1
328,CHEMBL3235207,233800.0,nM,Outside typical range,CC(=O)/C(=N\O)C(=O)NC1CCN(Cc2ccccc2)CC1
329,CHEMBL3235208,2303000.0,nM,Outside typical range,CC(=O)/C(=N\O)C(=O)NCC1CCN(Cc2ccccc2)CC1
330,CHEMBL3235209,732500.0,nM,Outside typical range,N#C/C(=N\O)C(=O)NC1CCN(Cc2ccccc2)CC1
331,CHEMBL3235210,94963000.0,nM,Outside typical range,N#C/C(=N\O)C(=O)NCC1CCN(Cc2ccccc2)CC1
332,CHEMBL3235211,1625000.0,nM,Outside typical range,COc1ccc(CN2CCC(CNC(=O)/C(=N/O)C(C)=O)CC2)cc1OC
333,CHEMBL3235212,595100.0,nM,Outside typical range,COc1cc2c(cc1OC)C(c1ccccc1)N(CCCNC(=O)/C=N/O)CC2
334,CHEMBL3235213,1926000.0,nM,Outside typical range,COc1cc2c(cc1OC)C(c1ccccc1)N(CCCNC(=O)/C(=N/O)C(C)=O)CC2
335,CHEMBL3235214,2671000.0,nM,Outside typical range,COc1cc2c(cc1OC)CN(CCCNC(=O)/C(=N/O)C(C)=O)CC2
336,CHEMBL3235215,6219.0,nM,,Cl.O=C(/C=N/O)NCCCNc1c2c(nc3ccccc13)CCCC2
337,CHEMBL3235216,1492.0,nM,,O=C(/C=N/O)NCCCCNc1c2c(nc3ccccc13)CCCC2
338,CHEMBL3235217,3077.0,nM,,N#C/C(=N\O)C(=O)NCCCNc1c2c(nc3ccccc13)CCCC2
339,CHEMBL3235218,588.1,nM,,O=C(/C=N/O)NCCCCCCNc1c2c(nc3ccccc13)CCCC2
340,CHEMBL3235219,180100.0,nM,Outside typical range,O=C(/C=N/O)c1cccnc1OCC1CCN(Cc2ccccc2)CC1
341,CHEMBL3235220,144000.0,nM,Outside typical range,O=C(/C=N/O)c1ccnc(OCC2CCN(Cc3ccccc3)CC2)c1
342,CHEMBL3235221,31220.0,nM,,O=C(/C=N/O)c1ccc(OCC2CCN(Cc3ccccc3)CC2)nc1
343,CHEMBL3235222,199100.0,nM,Outside typical range,O=C(/C=N/O)c1cccc(OCC2CCN(Cc3ccccc3)CC2)n1
344,CHEMBL3235223,1930000.0,nM,Outside typical range,COc1ccc(CN2CCC(COc3ccc(C(=O)/C=N/O)cn3)CC2)cc1OC
345,CHEMBL3235224,158800.0,nM,Outside typical range,O=C(/C=N/O)c1ccc(OCC2CCN(Cc3ccc(F)c(F)c3)CC2)nc1
346,CHEMBL3235225,1608000.0,nM,Outside typical range,N#Cc1ccc(CN2CCC(COc3ccc(C(=O)/C=N/O)cn3)CC2)cc1
347,CHEMBL3235226,298300.0,nM,Outside typical range,O=C(/C=N/O)c1ccc(OCC2CCN(Cc3cccc(Cl)c3)CC2)nc1
348,CHEMBL3235227,55180.0,nM,,O=C(/C=N/O)c1cnc(OCC2CCN(Cc3ccccc3)CC2)nc1
349,CHEMBL3235228,285600.0,nM,Outside typical range,O=C(/C=N/O)c1ccc(NCC2CCN(Cc3ccccc3)CC2)nc1
350,CHEMBL3235229,344800.0,nM,Outside typical range,COc1ccc(CN2CCCC(COc3ccc(C(=O)/C=N/O)cn3)C2)cc1OC
351,CHEMBL3235230,232600.0,nM,Outside typical range,COc1ccc(CN2CCCCC2COc2ccc(C(=O)/C=N/O)cn2)cc1OC
352,CHEMBL3235231,550600.0,nM,Outside typical range,O=C(/C=N/O)c1ccc(OCC2CCCCN2Cc2ccccc2)nc1
353,CHEMBL3235232,137400.0,nM,Outside typical range,O=C(/C=N/O)c1ccc(OCC2CCN(Cc3ccccc3)C2)nc1
354,CHEMBL3235233,2517000.0,nM,Outside typical range,COc1ccc(CN2CCC(COc3ccc(C(=O)/C=N/O)cn3)C2)cc1OC
355,CHEMBL3235234,266000.0,nM,Outside typical range,O/N=C/c1ccc(OCC2CCN(Cc3ccccc3)CC2)nc1
356,CHEMBL3235235,198500.0,nM,Outside typical range,O/N=C/c1cnc(OCC2CCN(Cc3ccccc3)CC2)nc1
357,CHEMBL3233832,2.65,nM,,CC1=C[C@@H]2Cc3nc4cc(Cl)ccc4c(NCCCCCCCCCNC(=O)c4cc(O)c5c(c4)C(=O)c4cccc(O)c4C5=O)c3[C@H](C1)C2.Cl
358,CHEMBL3327249,78.2,nM,,O=C(NCCCCCCCNc1c2c(nc3ccccc13)CCCC2)c1cc2cc(OC(F)(F)F)ccc2oc1=O
359,CHEMBL3327248,91.1,nM,,COc1cc2cc(C(=O)NCCCCCCCNc3c4c(nc5ccccc35)CCCC4)c(=O)oc2cc1OC
360,CHEMBL3327247,66.1,nM,,Cc1ccc2oc(=O)c(C(=O)NCCCCCCCNc3c4c(nc5ccccc35)CCCC4)cc2c1
361,CHEMBL3327246,50.7,nM,,COc1ccc2oc(=O)c(C(=O)NCCCCCCCNc3c4c(nc5ccccc35)CCCC4)cc2c1
362,CHEMBL3326711,55.2,nM,,COc1ccc2cc(C(=O)NCCCCCCCNc3c4c(nc5ccccc35)CCCC4)c(=O)oc2c1
363,CHEMBL3326710,42.2,nM,,O=C(NCCCCCCCNc1c2c(nc3ccccc13)CCCC2)c1cc2ccccc2oc1=O
364,CHEMBL3326709,59.6,nM,,O=C(NCCCCCCNc1c2c(nc3ccccc13)CCCC2)c1cc2cc(OC(F)(F)F)ccc2oc1=O
365,CHEMBL3326708,56.1,nM,,COc1cc2cc(C(=O)NCCCCCCNc3c4c(nc5ccccc35)CCCC4)c(=O)oc2cc1OC
366,CHEMBL3326707,30.1,nM,,Cc1ccc2oc(=O)c(C(=O)NCCCCCCNc3c4c(nc5ccccc35)CCCC4)cc2c1
367,CHEMBL3326706,24.3,nM,,COc1ccc2oc(=O)c(C(=O)NCCCCCCNc3c4c(nc5ccccc35)CCCC4)cc2c1
368,CHEMBL3326705,30.9,nM,,COc1ccc2cc(C(=O)NCCCCCCNc3c4c(nc5ccccc35)CCCC4)c(=O)oc2c1
369,CHEMBL3326704,16.7,nM,,O=C(NCCCCCCNc1c2c(nc3ccccc13)CCCC2)c1cc2ccccc2oc1=O
370,CHEMBL3326703,76.1,nM,,O=C(NCCCCCNc1c2c(nc3ccccc13)CCCC2)c1cc2cc(OC(F)(F)F)ccc2oc1=O
371,CHEMBL3326702,70.0,nM,,COc1cc2cc(C(=O)NCCCCCNc3c4c(nc5ccccc35)CCCC4)c(=O)oc2cc1OC
372,CHEMBL3326701,35.8,nM,,Cc1ccc2oc(=O)c(C(=O)NCCCCCNc3c4c(nc5ccccc35)CCCC4)cc2c1
373,CHEMBL3326700,39.4,nM,,COc1ccc2oc(=O)c(C(=O)NCCCCCNc3c4c(nc5ccccc35)CCCC4)cc2c1
374,CHEMBL3326699,44.3,nM,,COc1ccc2cc(C(=O)NCCCCCNc3c4c(nc5ccccc35)CCCC4)c(=O)oc2c1
375,CHEMBL3326698,34.4,nM,,O=C(NCCCCCNc1c2c(nc3ccccc13)CCCC2)c1cc2ccccc2oc1=O
376,CHEMBL3322141,80.4,nM,,CCN(CCC(=O)NCCCNc1c2c(nc3ccccc13)CCCC2)C1CCCCC1
377,CHEMBL3322142,199.0,nM,,CCN(CCC(=O)NCCCCNc1c2c(nc3ccccc13)CCCC2)C1CCCCC1
378,CHEMBL3322160,4.1,nM,,O=C(Cc1cc(=O)oc2cc(O)ccc12)NCCCCNc1c2c(nc3ccccc13)CCCC2
379,CHEMBL3322161,1940.0,nM,,O=C(Cc1cc(=O)oc2cc(O)ccc12)NNC(=S)Nc1c2c(nc3ccccc13)CCCC2
380,CHEMBL3322162,2360.0,nM,,O=C(Cc1cc(=O)oc2cc(O)ccc12)N/N=C1\SCC(=O)N1c1c2c(nc3ccccc13)CCCC2
381,CHEMBL2158994,7990.0,nM,,CN(C)CCOc1ccc(C(=O)/C=C/c2ccccc2)cc1
382,CHEMBL3586199,2490.0,nM,,CC(=O)O[C@H]1CC[C@@]2(C)[C@@H](CC[C@@]3(C)C[C@@]4(O)CC[C@H]5C(C)(C)[C@@H](OC(C)=O)CC[C@]5(C)[C@H]4CC[C@@H]32)C1(C)C
383,CHEMBL3586200,7970.0,nM,,C[C@@]12CC[C@@H]3[C@](C)(CC[C@H](OC(=O)CCc4ccc(O)cc4)[C@]3(C)C(=O)O)[C@H]1CC[C@H]1C(=CC[C@@H]3[C@]1(C)CC[C@@H](O)[C@]3(C)CO)C2
384,CHEMBL3586207,1170.0,nM,,CCCC[C@@H](O)/C=C/C=C/C(=O)O
385,CHEMBL3585775,0.0056,nM,Outside typical range,COc1ccccc1C(C)NS(=O)(=O)NC(=O)OCc1ccccc1
386,CHEMBL3585776,0.0045,nM,Outside typical range,COc1ccc(C(C)NS(=O)(=O)NC(=O)OCc2ccccc2)cc1
387,CHEMBL3585777,0.0051,nM,Outside typical range,COc1ccc(C(C)NS(=O)(=O)NC(=O)OCc2ccccc2)cc1OC
388,CHEMBL3585778,0.0229,nM,,COc1ccc(OC)c(C(C)NS(=O)(=O)NC(=O)OCc2ccccc2)c1
389,CHEMBL3585779,0.0105,nM,,COc1cccc(OC)c1C(C)NS(=O)(=O)NC(=O)OCc1ccccc1
390,CHEMBL3585780,0.0382,nM,,COc1ccccc1C(C)NS(N)(=O)=O
391,CHEMBL3585781,0.0063,nM,Outside typical range,COc1ccc(C(C)NS(N)(=O)=O)cc1
392,CHEMBL3585782,0.0049,nM,Outside typical range,COc1ccc(C(C)NS(N)(=O)=O)cc1OC
393,CHEMBL3585783,0.0056,nM,Outside typical range,COc1ccc(OC)c(C(C)NS(N)(=O)=O)c1
394,CHEMBL3585784,0.0081,nM,Outside typical range,COc1cccc(OC)c1C(C)NS(N)(=O)=O
395,CHEMBL3621322,0.08,nM,,CC[N+](CC)(CCCCCn1c(C)cc(=O)n(CCCCC[N+](CC)(CC)Cc2ccccc2[N+](=O)[O-])c1=O)Cc1ccccc1[N+](=O)[O-].[Br-].[Br-]
396,CHEMBL3621333,50.12,nM,,CC[N+]1(Cc2ccccc2[N+](=O)[O-])CCCCCn2c(C)cc(=O)n(c2=O)CCCCC[N+](CC)(Cc2ccccc2[N+](=O)[O-])Cc2ccc(cc2)C1.[Br-].[Br-]
397,CHEMBL3632994,49.5,nM,,Cc1c(C)c2c(c(C)c1O)CCC(C)(C(=O)NCCCCCCCCNc1c3c(nc4cc(Cl)ccc14)CCCC3)O2
398,CHEMBL603622,140.0,nM,,CO[P@]1(=O)OC[C@H]2COC(=O)C2=C(C)O1
399,CHEMBL3752467,0.72,nM,,c1ccc2oc(CNCCCCCCCNc3c4c(nc5ccccc35)CCCC4)cc2c1
400,CHEMBL3786651,0.98,nM,,COc1cccc2c1CC[C@H](NC(=O)N(C)C)C2
401,CHEMBL3786516,0.67,nM,,COc1ccc2c(c1)CCC(NC(=O)N(C)C)C2
402,CHEMBL3787502,1.06,nM,,COc1ccc2c(c1)C[C@@H](NC(=O)N(C)C)CC2
403,CHEMBL3785269,0.45,nM,,COc1cccc2c1CCC(NS(=O)(=O)N(C)C)C2
404,CHEMBL3787223,1.05,nM,,COc1ccc2c(c1)CCC(NS(=O)(=O)N(C)C)C2
405,CHEMBL3786448,0.83,nM,,COc1ccc2c(c1)CC(NS(=O)(=O)N(C)C)CC2
406,CHEMBL3786937,1.59,nM,,CN(C)C(=O)N[C@H]1CCc2c(O)cccc2C1
407,CHEMBL3785391,1.33,nM,,CN(C)C(=O)NC1CCc2cc(O)ccc2C1
408,CHEMBL3785207,1.74,nM,,CN(C)C(=O)N[C@H]1CCc2ccc(O)cc2C1
409,CHEMBL3786873,1.34,nM,,CN(C)S(=O)(=O)NC1CCc2c(O)cccc2C1
410,CHEMBL3786442,1.22,nM,,CN(C)S(=O)(=O)N[C@H]1CCc2cc(O)ccc2C1
411,CHEMBL3786719,0.72,nM,,CN(C)S(=O)(=O)NC1CCc2ccc(O)cc2C1
412,CHEMBL3818801,980.0,nM,,O=C1/C(=C/C2CCN(Cc3ccccc3)CC2)Cc2cc3c(cc21)OCO3
413,CHEMBL3819247,39670.0,nM,,COc1ccc2c(c1)C(=O)/C(=C/C1CCN(Cc3ccc4c(c3)OCO4)CC1)C2
414,CHEMBL3818918,18200.0,nM,,COc1cccc2c1C(=O)/C(=C/C1CCN(Cc3ccc4c(c3)OCO4)CC1)C2
415,CHEMBL3818415,2822.0,nM,,COc1cc2c(cc1O)C(=O)/C(=C/C1CCN(Cc3ccccc3)CC1)C2
416,CHEMBL3819155,2822.0,nM,,COc1cc2c(cc1O)C/C(=C\C1CCN(Cc3ccccc3)CC1)C2=O
417,CHEMBL3818230,4224.0,nM,,O=C1/C(=C/C2CCN(Cc3ccccc3)CC2)Cc2ccc(O)cc21
418,CHEMBL3818616,355.0,nM,,O=C1/C(=C/C2CCN(Cc3ccccc3)CC2)Cc2cccc(O)c21
419,CHEMBL3819646,1980.0,nM,,O=C1/C(=C/C2CCN(Cc3ccccc3)CC2)Cc2cc(O)ccc21
420,CHEMBL168938,35.0,nM,,COc1cc2c(cc1OC)C(=O)/C(=C/C1CCN(Cc3ccccc3)CC1)C2
421,CHEMBL3819220,260.0,nM,,COc1ccc2c(c1)C(=O)/C(=C/C1CCN(Cc3ccccc3)CC1)C2
422,CHEMBL3818167,1835.0,nM,,COc1cccc2c1C(=O)/C(=C/C1CCN(Cc3ccccc3)CC1)C2
423,CHEMBL3818084,29.0,nM,,COc1ccc2c(c1)C/C(=C\C1CCN(Cc3ccccc3)CC1)C2=O
424,CHEMBL3819531,554.0,nM,,COc1cccc(CN2CCC(/C=C3\Cc4cc(OC)ccc4C3=O)CC2)c1
425,CHEMBL3819113,119490.0,nM,Outside typical range,COc1cccc(CN2CCC(/C=C3\Cc4ccc(OC)cc4C3=O)CC2)c1
426,CHEMBL3819574,17230.0,nM,,COc1cccc(CN2CCC(/C=C3\Cc4cccc(OC)c4C3=O)CC2)c1
427,CHEMBL489354,4330.0,nM,,O=C(CCCCCCCCc1ccc(O)cc1)c1c(O)cccc1O
428,CHEMBL524100,5860.0,nM,,O=C(CCCCCCCCc1ccc(O)c(O)c1)c1c(O)cccc1O
429,CHEMBL3910142,15.0,nM,,C#CCN(Cc1ccc2cccc(O)c2n1)C(C#N)CCC1CCN(Cc2ccccc2)CC1
430,CHEMBL3921061,520.0,nM,,CN(C)C(=O)Oc1cccc(C(=O)/C=C/c2ccc(O)cc2)c1
431,CHEMBL3913078,1108.0,nM,,CC(=O)/C(=N\O)C(=O)Nc1cnc2c(c1)CC(N(C)CCc1ccccc1)CC2
432,CHEMBL3979816,233.0,nM,,COc1ccc(CN2CCCCC2COc2ccc(C(=O)/C=N\O)cn2)cc1OC
433,CHEMBL3915239,31.0,nM,,O=C(/C=N\O)c1ccc(OCC2CCN(Cc3ccccc3)CC2)nc1
434,CHEMBL4080105,480.0,nM,,COc1cc(/C=C/C(=O)Nc2ccccc2)ccc1OCCCCCCN1CCCCC1
435,CHEMBL4095908,870.0,nM,,COc1cccc(C2c3ccc4cccnc4c3Oc3nc4c(c(N)c32)CCCC4)c1
436,CHEMBL4066365,8900.0,nM,,CCO[P@](=O)(SCC)c1ccccc1
437,CHEMBL4104952,2660.0,nM,,C[n+]1c2ccccc2c(-c2ccc(N)cc2)c2ccccc21.F[B-](F)(F)F
438,CHEMBL4080726,13200.0,nM,,CCN(CC)c1ccc(-c2c3ccccc3[n+](C)c3ccccc23)cc1.F[B-](F)(F)F
439,CHEMBL4077169,4010.0,nM,,CN1c2ccccc2C(N2CCOCC2)c2ccccc21
440,CHEMBL4065259,3750.0,nM,,CN1c2ccccc2C(N2CCSCC2)c2ccccc21
441,CHEMBL4075825,3340.0,nM,,CN1c2ccccc2C(n2cncn2)c2ccccc21
442,CHEMBL4088659,6430.0,nM,,CN1c2ccccc2C(n2nnc3ccccc32)c2ccccc21
443,CHEMBL4162224,59800.0,nM,,O=C1SCc2ccccc21
444,CHEMBL4166725,11800.0,nM,,O=C1SCc2cccc([N+](=O)[O-])c21
445,CHEMBL4168617,56200.0,nM,,O=C(O)C(F)(F)F.O=C1CC[C@@]2(C=CNC3=C2C2=NCCc4c[nH]c(c42)C3=O)C=C1Br
446,CHEMBL4160694,98000.0,nM,,O=C(O)C(F)(F)F.O=C1C2=C(C3=NCCc4c[nH]c1c43)C1(C=CN2)C=C(Br)C(O)C(Br)=C1
447,CHEMBL462946,22800.0,nM,,O=C(O)C(F)(F)F.O=C1C=C2S[C@H]3C[C@]2(C=C1Br)C1=C(N3)C(=O)c2[nH]cc3c2C1=NCC3
448,CHEMBL4167524,37.14,nM,,Cc1cc(=O)oc2cc(OCCCCSC(=S)N3CCCCC3)ccc12
449,CHEMBL4171520,3880.0,nM,,COc1cccc(C2NC(=S)Nc3nc4c(c(N)c32)CCCC4)c1
450,CHEMBL4174958,147.0,nM,,Nc1c2c(nc3c1C(c1cccc(Br)c1)NC(=S)N3)CCCC2
451,CHEMBL4207101,9.85,nM,,O=C(CNCc1cc(F)cc(F)c1)Nc1ccc2nc3n(c(=O)c2c1)CCC3
452,CHEMBL4210729,3.28,nM,,COc1ccc(Cn2cc(C(=O)NCCCNc3c4c(nc5cc(Cl)ccc35)CCCC4)c(=O)c3ccccc32)cc1
453,CHEMBL4292643,42000.0,nM,,NC(=O)c1cc[n+](CCC[n+]2ccc(/C=N/O)c(Cl)c2)cc1.[Br-].[Br-]
454,CHEMBL4284764,36000.0,nM,,NC(=O)c1cc[n+](CCCC[n+]2ccc(/C=N/O)c(Cl)c2)cc1.[Br-].[Br-]
455,CHEMBL4289221,24000.0,nM,,NC(=O)c1cc[n+](C/C=C/C[n+]2ccc(/C=N/O)c(Cl)c2)cc1.[Br-].[Br-]
456,CHEMBL4281350,21000.0,nM,,NC(=O)c1cc[n+](CCC[n+]2cc(Cl)c(/C=N/O)c(Cl)c2)cc1.[Br-].[Br-]
457,CHEMBL4285826,12000.0,nM,,NC(=O)c1cc[n+](CCCC[n+]2cc(Cl)c(/C=N/O)c(Cl)c2)cc1.[Br-].[Br-]
458,CHEMBL4277895,22000.0,nM,,NC(=O)c1cc[n+](C/C=C/C[n+]2cc(Cl)c(/C=N/O)c(Cl)c2)cc1.[Br-].[Br-]
459,CHEMBL33051,25000.0,nM,,NC(=O)c1cc[n+](COC[n+]2ccccc2/C=N/O)cc1.[Cl-].[Cl-]
460,CHEMBL14577,180000.0,nM,Outside typical range,C[n+]1ccccc1C=NO.[I-]
461,CHEMBL397871,73000.0,nM,,NC(=O)c1cc[n+](CCC[n+]2ccc(/C=N/O)cc2)cc1.[Br-].[Br-]
462,CHEMBL116379,110000.0,nM,Outside typical range,NC(=O)c1cc[n+](CCCC[n+]2ccc(/C=N/O)cc2)cc1.[Br-].[Br-]
463,CHEMBL238977,90000.0,nM,,NC(=O)c1cc[n+](C/C=C/C[n+]2ccc(/C=N/O)cc2)cc1.[Br-].[Br-]
464,CHEMBL4292235,190.0,nM,,Cc1ccc(NC(=O)c2cc(=O)c3cc(/C=C/C(=O)OCCN(C)C)ccc3o2)cc1
465,CHEMBL4284495,11.0,nM,,COc1cc2oc(C(=O)OCCC3CCN(Cc4ccccc4)CC3)cc(=O)c2cc1OC
466,CHEMBL4286799,57.0,nM,,O=C(NCCC1CCN(Cc2ccccc2)CC1)c1cc(=O)c2ccccc2o1
467,CHEMBL4277548,12.0,nM,,O=C(NCCC1CCN(Cc2ccccc2)CC1)c1cc(=O)c2cc([N+](=O)[O-])ccc2o1
468,CHEMBL4292477,62.0,nM,,Nc1ccc2oc(C(=O)NCCC3CCN(Cc4ccccc4)CC3)cc(=O)c2c1
469,CHEMBL4287970,39.0,nM,,COc1cc2oc(C(=O)NCCC3CCN(Cc4ccccc4)CC3)cc(=O)c2cc1OC
470,CHEMBL4284165,11.0,nM,,O=C(NCCCC1CCN(Cc2ccccc2)CC1)c1cc(=O)c2cc(O)ccc2o1
471,CHEMBL4294783,21.0,nM,,COc1cc2oc(C(=O)NCCCC3CCN(Cc4ccccc4)CC3)cc(=O)c2cc1OC
472,CHEMBL4293801,60.0,nM,,COc1cc2[nH]c(C(=O)NCCC3CCN(Cc4ccccc4)CC3)cc(=O)c2cc1OC
473,CHEMBL4283390,3200.0,nM,,CC(C)(C)c1cc(/C=C/C(=O)NCCC2CCN(Cc3ccccc3)CC2)cc(C(C)(C)C)c1O
474,CHEMBL4292766,1400.0,nM,,CC(C)(C)c1cc(/C=C/C(=O)NCCC2CCN(Cc3ccccc3F)CC2)cc(C(C)(C)C)c1O
475,CHEMBL362378,7390.0,nM,,CC1(C)C=Cc2c(ccc(C(=O)/C=C/c3ccc(O)cc3)c2O)O1
476,CHEMBL3417009,16.0,nM,,COc1cc(N)c(Cl)cc1C(=O)CCC1CCN(CC2CCCCC2)CC1
477,CHEMBL4582736,630.0,nM,,COc1ccc(C2=NN(C(C)=O)C(c3ccc(N4CCN(C)CC4)cc3)C2)cc1OC
478,CHEMBL4458648,121.0,nM,,S=C(NCc1ccccc1)NNc1c2c(nc3ccccc13)CCCC2
479,CHEMBL4444497,879.0,nM,,COc1cc(NCc2ccc(Oc3c(N)cccc3Cl)cc2)cc(OC)c1OC
480,CHEMBL4579543,60.79,nM,,NS(=O)(=O)c1ccc(C(=O)n2[nH]c(=O)c3c(F)cccc3c2=O)cc1
481,CHEMBL4444582,60.79,nM,,NS(=O)(=O)c1ccc(C(=O)n2[nH]c(=O)c3cc(F)ccc3c2=O)cc1
482,CHEMBL4524569,60.79,nM,,NS(=O)(=O)c1ccc(C(=O)n2[nH]c(=O)c3c([N+](=O)[O-])cccc3c2=O)cc1
483,CHEMBL4453373,60.79,nM,,NS(=O)(=O)c1ccc(C(=O)n2[nH]c(=O)c3cc([N+](=O)[O-])ccc3c2=O)cc1
484,CHEMBL4541764,60.79,nM,,NS(=O)(=O)c1ccc(C(=O)n2[nH]c(=O)c3ccc(C(=O)O)cc3c2=O)cc1
485,CHEMBL4456083,88.5,nM,,CCOc1ccc(Cc2nc3cc(C(=O)N(CC)CC)ccc3n2CCCCCCNc2c3c(nc4ccccc24)CCCC3)cc1
486,CHEMBL4441666,3.71,nM,,CCOc1ccc(Cc2nc3cc(C(=O)NCCCNc4c5c(nc6ccccc46)CCCC5)ccc3n2CCC(C)C)cc1
487,CHEMBL4447210,16.7,nM,,CCOc1ccc(Cc2nc3cc(C(=O)NCCSSCCNc4c5c(nc6ccccc46)CCCC5)ccc3n2CCC(C)C)cc1
488,CHEMBL4474399,129.0,nM,,Cc1ccc2oc(-c3ccc(OCCCCCCN4CCCCC4)cc3)cc(=O)c2c1
489,CHEMBL4583534,100.0,nM,,FC(F)(F)c1ccc(CNC2CCN(Cc3ccccc3)CC2)cc1
490,CHEMBL4648322,19.1,nM,,COc1cc2cc(NC(=O)[C@@H]3CCC[C@H](NCc4ccccc4)C3)c(=O)oc2cc1OC
491,CHEMBL2314726,93.4,nM,,COc1cc2cc(NC(=O)[C@H]3CCC[C@@H](NCc4ccccc4)C3)c(=O)oc2cc1OC
492,CHEMBL4759108,30.0,nM,,Fc1ccc(-c2nnc(N3CCN(c4ccccn4)CC3)o2)c(F)c1
493,CHEMBL4792387,51000.0,nM,,CN1CCCC[C@H]1c1ccc(-c2cccnc2)nc1
494,CHEMBL4760940,170.0,nM,,c1cnc(Nc2nnc(-c3cccc4ccccc34)o2)nc1
495,CHEMBL4793341,23.0,nM,,FC(F)(F)Oc1ccc(CNC2CCN(Cc3ccccc3)C2)cc1
496,CHEMBL4752175,0.456,nM,,COc1ccc2cc3[n+](cc2c1OCc1ccc(C(F)(F)F)cc1)CCc1cc2c(cc1-3)OCO2.[Br-]
497,CHEMBL4790545,210.0,nM,,COc1ccc2cc(C(=O)NCCC3CCN(Cc4ccccc4)CC3)ccc2c1
498,CHEMBL4754487,0.68,nM,,COc1cc(CNC(=O)CCCCCCNc2c3c(nc4cc(Cl)ccc24)CC2C=C(C)CC3C2)ccc1O
499,CHEMBL4751100,0.132,nM,,COc1cc2c(cc1O)CCC(C)(CCNCCCCCCCCNc1c3c(nc4cc(Cl)ccc14)CCCC3)O2
500,CHEMBL4790766,8.0,nM,,CCOC(=O)c1c(C)nc(N2CCN(S(=O)(=O)c3ccc(NC(C)=O)c(Cl)c3)CC2)nc1-c1ccc(OC)c(OC)c1
501,CHEMBL4800260,500.0,nM,,COc1cc2c(cc1OC)C(=O)/C(=C/c1ccc(N3CC[N+](C)(Cc4ccccc4)CC3)cc1)C2.[Cl-]
502,CHEMBL4791075,1000.0,nM,,COc1cc2c(cc1OC)C(=O)/C(=C/c1ccc(N3CC[N+](C)(Cc4cccc(Cl)c4)CC3)cc1)C2.[Br-]
503,CHEMBL4783427,394.0,nM,,CCN(CCCCOc1ccc(-c2cc(=O)c3c(O)cc(OCCCCN(CC)Cc4ccccc4)cc3o2)cc1)Cc1ccccc1
504,CHEMBL4868687,10100.0,nM,,COC(=O)/C(=N\Nc1ccc(C)cc1)C(=O)C(F)(F)F
505,CHEMBL1995010,389.7,nM,,Cc1ccc(S(=O)(=O)SCc2ccccc2)cc1
506,CHEMBL4845755,326.9,nM,,Cc1ccc(S(=O)(=O)SCc2ccc(F)cc2)cc1
507,CHEMBL4863431,714.4,nM,,Cc1ccc(S(=O)(=O)SCc2ccc(Cl)cc2)cc1
508,CHEMBL4867081,251.4,nM,,Cc1ccc(S(=O)(=O)SCc2ccc([N+](=O)[O-])cc2)cc1
509,CHEMBL4858117,165.5,nM,,Cc1ccc(S(=O)(=O)SCc2ccc(C#N)cc2)cc1
510,CHEMBL4868918,147.9,nM,,Cc1ccc(S(=O)(=O)SCc2ccc(C(F)(F)F)cc2)cc1
511,CHEMBL4860610,198.2,nM,,Cc1ccc(S(=O)(=O)SCc2ccc(OC(F)(F)F)cc2)cc1
512,CHEMBL4875944,218.7,nM,,COc1ccc(CSS(=O)(=O)c2ccc(C)cc2)cc1
513,CHEMBL4871975,25.6,nM,,Cc1ccc(S(=O)(=O)SCc2ccc(C(C)C)cc2)cc1
514,CHEMBL4852721,157.3,nM,,Cc1ccc(S(=O)(=O)SCc2ccc(C(C)(C)C)cc2)cc1
515,CHEMBL4856400,23.01,nM,,CC1=CC2Cc3nc4cc(Cl)ccc4c(NCCCCCCNC(=O)[C@@H](N)Cc4c[nH]c5ccccc45)c3C(C1)C2.Cl.Cl
516,CHEMBL4849905,120.0,nM,,c1ccc(CN2CCC(CCNc3cc4c(nn3)-c3ccccc3CCCC4)CC2)cc1
517,CHEMBL5089821,31000.0,nM,,COc1cc2c(c(CO)c1OC)C[C@H]1c3c(cc4c(c3OC)OCO4)CC[N+]1=C2.O=C([O-])C(F)(F)F
518,CHEMBL5076804,6300.0,nM,,COc1cc2c(c3c1OCOC3)C[C@H]1c3c(cc4c(c3OC)OCO4)CC[N+]1=C2.O=C([O-])C(F)(F)F
519,CHEMBL5080190,13200.0,nM,,COc1cc2c[n+]3c(cc2c(CO)c1OC)-c1c(cc2c(c1OC)OCO2)CC3
520,CHEMBL5085317,13700.0,nM,,COc1cc2c(c3c1OCOC3)C[C@H]1c3c(cc4c(c3OC)OCO4)CCN1C2
521,CHEMBL5082824,2000.0,nM,,CN(CCCC(F)F)Cc1ccc(COc2ccc3c(CO)cc(=O)oc3c2)cc1
522,CHEMBL5194943,80.6,nM,,NS(=O)(=O)c1ccc(N2N=C(c3cccs3)CC2c2ccc(Br)cc2)cc1
523,CHEMBL5177448,35000.0,nM,,NC(=O)c1cc[n+](CCC[n+]2ccc(/C=N/O)c(F)c2)cc1.[Br-].[Br-]
524,CHEMBL5171026,28000.0,nM,,NC(=O)c1cc[n+](CCC[n+]2cc(F)c(/C=N/O)c(F)c2)cc1.[Br-].[Br-]
525,CHEMBL5173381,44000.0,nM,,NC(=O)c1cc[n+](CCCC[n+]2ccc(/C=N/O)c(F)c2)cc1.[Br-].[Br-]
526,CHEMBL5184063,63000.0,nM,,NC(=O)c1cc[n+](CCCC[n+]2cc(F)c(/C=N/O)c(F)c2)cc1.[Br-].[Br-]
527,CHEMBL595504,36000.0,nM,,NC(=O)c1cc[n+](C/C=C/C[n+]2ccc(/C=N/O)c(F)c2)cc1.[Br-].[Br-]
528,CHEMBL5206644,68000.0,nM,,NC(=O)c1cc[n+](C/C=C/C[n+]2cc(F)c(/C=N/O)c(F)c2)cc1.[Br-].[Br-]
529,CHEMBL3758997,2540.0,nM,,NS(=O)(=O)c1ccc(/N=C/c2cc(Br)cc(Br)c2O)cc1
530,CHEMBL5196990,77.7,nM,,NS(=O)(=O)c1ccc(NCc2cccc(Br)c2O)cc1
531,CHEMBL5181066,21.0,nM,,NS(=O)(=O)c1ccc(/N=C/c2cc(Br)cc(Cl)c2O)cc1
532,CHEMBL5170213,20.98,nM,,NS(=O)(=O)c1ccc(NCc2cccc(Cl)c2O)cc1
533,CHEMBL433041,100.0,nM,,CCCCCCCNC(=O)Oc1ccc2c(c1)[C@]1(C)CCN(C)[C@@H]1N2C
534,CHEMBL5219123,0.261,nM,,COc1cc2c(c(OC)c1)CC(NC(=O)OCc1ccccc1)C2
535,CHEMBL5220695,120.0,nM,,CC(C)(C)OC(=O)Nc1ccc(O)c(C(=O)NCCCN2CCCCC2)c1
536,CHEMBL5219239,170.0,nM,,CC1CCCCN1CCCNC(=O)c1cc(NC(=O)OC(C)(C)C)ccc1O
537,CHEMBL5218804,0.264,nM,,COc1cccc2c1CCC(NC(=O)OCc1ccccc1)C2
538,CHEMBL5219425,3500.0,nM,,CCN(CC)C(=O)OC1C[N+]2(C)CCC1CC2.[I-]
539,CHEMBL193996,1000.0,nM,,O=C(Nc1ccccc1)OC1CN2CCC1CC2
